comentario,polaridad
"Invito a todos los coste√±os y en especial a los que pertenecemos a la regi√≥n de los montes de maria, a que vean este gran aporte que el se√±or Daniel Samper realiz√≥ para ayudar a nuestros campesinos a la venta del √±ame.",1
"VIVA LA ALIANZA VERDE, Claudia L√≥pez, Dr. Robledo, Dr. Fajardoüëç",1
Que le pregunted a juan manuel santos como se hace para ganar uno $$$$$$,-1
Vamos que todav√≠a queda mucho camino. Tienes mi voto y toda mi admiraci√≥n Claudia L√≥pez,1
Claudia L√≥pez y segura que no la vuelven a aplazar???,0
"Todo mi apoyo Daniel Samper Ospina admiro tu trabajo sigue adelante, me encantan tus columnas de la Revista Semana y  tu canal en you tube . Te seguir√© leyendo y viendo hasta que seas millonario, millonario, solo me falta comprar tu puto libro",1
"Eres el mejor de todos los tiempo, √Ålvaro Uribe V√©lez.",1
Estoy con Alvaro Uribe y Centro Democratico.,1
√Ålvaro Uribe V√©lez desde que Santos era su ministro de defensa Usted sab√≠a que √©l era √≠ntimo amigo de la guerrilla. No venga aqu√≠ hacerse el que defiende la Constituci√≥n cuando fue Usted el que empez√≥ a cambiarla queriendo otro gobierno y haciendo perder a todos los Colombianos. Aqu√≠ no crea que somos tan ignorantes como para no saber su estrategia de guerra. Usted UNDI√ì A Colombia Usted Sab√≠a siempre quien era Santos y el plan de la PAZ. Usted traicion√≥ a un pa√≠s con una estrategia. Confunde y reinaras. Muy bien hay tiene al pa√≠s dividido en 4 partes.,-1
La mejor forma de no responder a comentarios difamadores es ignorarlos. Hay un refr√°n que dice que a palabras necias oidos sordos. No s√© si eres ateo o no pero s√≥lo la justicia divina dar√° a cada quien lo que se merece y t√∫ Daniel Samper Ospina lo ver√°s y lo sentir√°s en la demanda que acabas de poner por calumnia y difamaci√≥n. Hace pocos d√≠as te puse un tweet acerca que el odio y el resentimiento son perjudiciales para la salud y que el que nada debe nada teme. Y sinceramente te lo repito aqu√≠ porque aquella persona que te tuiteo terriblemente desde hace rato est√° enfermo y tiene la mente y el coraz√≥n enfermos de odio y rencor que no le importa si sus comentarios afectan a los dem√°s y ni siquiera sabe qu√© es la palabra humildad.Pueda que a veces tu forma de expresar tus opiniones para algunos se pase del respeto pero nadie tiene derecho de vulnerar las reputaciones con insultos y calumnias ni siquiera con acusaciones sin fundamento ni pruebas. Te apoyo en tu desempe√±o periodistico y humoristico. Y no te olvides que el Dios de la Vida har√° justicia a tu favor. P.D.: l√°stima que no pude ver tu $#&: obra que no s√© cu√°ndo habr√° otra oportunidad de verla. Y todo por el factor econ√≥mico.,1
"Eso es el 0.05 % de dinero del narcotr√°fico y secuestro que tienen las farc. Trasladensen ahora a Noruega Oslo, ah√≠ tienen cuentas bancarias a nombres de tercero o es el mismo premio nobel que recibi√≥ JUAN MANUEL SANTOS. Faltan Venezuela, Ecuador, Chile, islas caimanes, panam√°, uruguay, argentina.....etc........",-1
"Ex presidente y Doctor Alvaro Uribe mis Respetos , promueva una Marcha y Otro Punto hablo con varias personas y te Apoyan , pero no saben ni siquiera que es el Centro Democr√°tico ü§îes Preocupante y se pueden Perder muchos Votos , desde ahora cu√°l es el Nuevo Cambio desde sus Perspectiva ! ( Dios est√° Con COLOMBIA üá®üá¥)",0
Dr Uribe no vale la pena desgastarse con esa (Claudia Lopez) qu√© El Se√±or lo siga bendiciendo üôè,0
Claudia lopez presidente,0
"Pasar√° a la Historia Juan Manuel Santos. Perseverante, pese a los adversarios. Por poner fin a m√°s de 50 a√±os de Guerra. Felicitaciones.",1
"Daniel Samper, esto plateros se habian demorado en hacer su ilustre teatro de indignaci√≥n... no recuerdas lo que paso con Jaime Garz√≥n??.. para la muestra un bot√≥n!! No dejes que pisoten tu integridad!! Muchos colombianos te apoyamos..!! Buena energ√≠a...y no tengas miedo!! Que a buena hora, tenemos las redes sociales donde ya no pueden tapar el sol con un dedo. ‚ù§‚ù§‚ù§",1
"Vamos Dra. Claudia L√≥pez, hay q acabar con los delfines üê¨ q son los corruptos de nuestros impuestos. ¬°¬°Despierta pueblo!!",1
Lo √∫nico malo de Daniel Samper es que es hincha de Santa F√© üòäüòäüòä,0
"Matador, no entiendo lo de las Crocs",0
Bendiciones Juan Manuel Santos,1
Claudia Lopez presidente...100% apoyo desde Antioquia,1
"Asi como Vendio el rio Rancheria o se apodero de las tierras de la nacion o le dio a las Multinacionales que arrazaran nuesteos recursos , Mentiroso ... @AlvaroUribeVelez  üíõüíôüíñ Ni Arrodillado le Creemos Egresado Sena Hoteleria  Claudia L√≥pez - Primera Mujer Presidente de Colombia",-1
Gracias presidente Juan Manuel Santos. Dios lo bendiga siempre! üëç,1
"Toca leer para instruirse, quien, y desde cuando se cre√≥ la ley 100 es otra cosa que en el gobierno de √Ålvaro Uribe, haya tocado aplicarla, independientemente de qui√©n estuviera de presidente",0
"Ojal√° y esos q critican la gesti√≥n excelente del se√±or expresidente Alvaro Uribe ,no retornen a futuro a denunciar la mala gesti√≥n administrativa de la izquierda mamerta q al final solo buscan disfrazarse de oveja cuando en lo m√°s profundo de su disfraz solo traer√≠a mala calidad de vida a todos los COLOMBIANOS al cuarta el libre desarrollo econ√≥mico.",-1
Se√±or Alvaro Uribe Velez; yo tambien soy militante del centro democratico y una ciudadana respetable; mi familia lo ha ayudado en las votaciones de manera abrumadora en togui boyaca donde mis primos fueron los ultimos alcaldes; Lo admiraba;  pero usted  deberia fijarse a quien respalda en cajica; marita perilla no es la ciudadana que ud piensa; tomese el tiempo para preguntar antes de dar su apoyo incondicional violando mi presuncion de inocencia.,-1
Colombia necesita a nuestro presidente √Ålvaro Uribe,0
Grande Daniel Samper,1
saludos Daniel Samper Ospina,0
Apoyo total a ALVARO URIBE VELEZ,1
"Daniel Samper Ospina no saque las cosas de contexto y menos busque hacerse la v√≠ctima de cuando ac√° usted es tan puro y sin mancha, si bien no soy Uribista y menos santista.  usted la cago hablanso de esa ni√±a Amapola de 3 meses no confunda libertad de expresi√≥n con mat√≥neo  en un problema de adultos los ni√±os non tiene nada que ver o a usted le gustar√≠a que se burlaran de sus hijas . piense un poco en su af√°n de crear tr√°fico en la web y creerse muy c√≥mico la embarro y esta claro que esa demanda no va terminar en nada.",-1
Daniel Samper Ospina      que rom√°ntico ... todo lo que inspira la Cabal üòÇüòÇüòÇ,1
Excelente mi se√±or PRESIDENTE ALVARO URIBE...PALAD√çN DE LA PATRIA.,1
DIos bendiga a Claudia Lopez y le de fuerzas para seguir enfrentando esa manada de Leones y Ratas.,1
"Juan Manuel santos y si la guerrilla moto toda tu familia q ? Quien ve ayudar a esos hu√©rfanos , aaa verdad juan Manuel santos esta es ayudando a los cicarios.",-1
"Asi es Se√±or Alvaro Uribe Veles, nuestra amada Colombia cada dia esta peor, solo la mano de DIOS.",0
"Te quiero mucho Daniel Samper Ospina intelectuales como t√∫ demuestran que en este pa√≠s no todo es droga y prepagos, gracias",1
Todo mi apoyo a Daniel Samper. Uribe est√° llenando de odio a este pa√≠s. Cuando los colombianos se dar√°n cuenta del da√±o que nos hace,0
Ay:Dios yo te pido k gane el Centro Democratico k Viva el presidente Alvaro Uribe Velez digan lo k digan el mejor presidente k hemos tenido k Dios los bendiga,1
Muy buenos d√≠as doctor alvaro uribe,0
"Alberto garcia"" que yo le pido adi√≥s que el precidente Juan Manuel santos quelogre el feliz termin√≥ la firmada de los acuerdo de paz para ber si termina la violencia en colombiano  que dios los bebdiga",1
hey Daniel Samper Ospina c√≤mo hacer para comprar directamente a los campesinos????,0
Grande Matador! Dios te guarde,1
jajajjajajajajajaj  buena matador.,1
Pa lante con usted Alvaro Uribe presidente,1
"Claudia L√≥pez, Fajardo, Jorge Enrique Robledo Castillo. Falta Gustavo Petro. De lo contrario, Vargas Lleras presidente. Dejen sus egos.",0
"As√≠ se habla Doctor Alvaro Uribe Velez,el mejor presidente que ha tenido Colombia,te amamos con el coraz√≥n.‚ù§Ô∏è‚ù§Ô∏è Bienvenido nuevamente,Dios te Bendiga.üëèüëèüëèüëèüëèüëèüëèüëèüëèüëèüëè",1
"""seudoperiodistas"" como las calumniadoras ""semanales"", daniel coronell  y ""la gordota marimacho"".",-1
Muchas gracias se√±or presidente Juan Manuel santos Calder√≥n.,1
En Colombia no havera otro presidente como √Ålvaro Uribe V√©lez,0
"Daniel samper. Realmente eres admirable, hacer pedir perd√≥n al m√°s temible pol√≠tico, al m√°s difamador, al m√°s peligroso, al m√°s corrupto, Daniel sos grande, mis felicitaciones y mis respetos.",0
Vamos todos a luchar por nuestro pais junto al doctor Alvaro Uribe y sus candidatos que estan haciendo bien su trabajo. Tenemos que poner cada uno de nosotros nuestro granito de arena para levantar Colombia del desastre que nos deja Santos. Tenemos que pesar bien por quien vamos a votar no queremos izquierdistas socialistas ni comunitas.,0
Vamos con todo acompa√±ando a una mujer que est√° segura que el cambio es posible. Todos con Claudia L√≥pez,1
Ninguno es corrupto todos son √°ngeles pero felicit√≥ a Robledo y Claudia L√≥pez,0
"El S√≠ Implicar√≠a entregarle el Pa√≠s a los Comunistas ASESINOS, no caigan en la trampa de Juan Manuel Santos, entregarles el pais a la Guerrilla, por favor ese es un Pa√≠s Prospero, por favor vean y analicen, como estamos en Venezuela, v√©anse en este espejo, luego no digan que no se lo dijimos, No Acepten ser gobernados por asesinos TERRORISTAS....",-1
"Por eso hab√≠a que apoyar la propuesta anticorrupcion de Claudia L√≥pez, pero una gran cantidad de personas se fijaron fue en otras cosas.",0
Daniel samper usted lo que es es un hp,-1
"The Words Respect and Appreciation and Congratulations From    Bobby Haynes, www.luxuryresortconcierge.com  Juan Manuel Santos - Presidente.",0
"Escuchar hablar a este man, ya uno sabe de que va su siguiente video o columna o lo que sea, aclaro no soy uribista, mucho menos santista, pero por favor no sean monotematico, deje de disfrazar el amor que le tiene a √Ålvaro Uribe V√©lez, mejor dicho que seria de Ud sin AUV... deje de llorar por maricadas, simplemente le pagaron con la misma moneda que UD esta acostumbrado a dar...",-1
"Daniel Samper Ospina ¬øy sus difamaciones? y falta de respeto para una bebe de tres meses y a todos los que nos duele Uribe?cuando le dieron la investidura de ente acusador?, tiene el ego tan pero tan alto que no puede reconocer que se ha equivocado.",-1
Q viva el Gobierno de Uribe q Dios lo venga y q el fue el mejor y lo sigue siendo duelale al hp q le duela viva √Ålvaro Uribe V√©lez,1
"Fuerza total para Daniel Samper Ospina, la libertad de expresi√≥n no se debe postrar a nadie, menos a nadie como Uribe.",0
Adelante MatadorüòÄ a sigue con tus caricaturas,0
Completamente de acuerdo contigo Claudia L√≥pez yo voy a votar por primera ves en toda mi vida... y lo are para tratar de salvar nuestro pa√≠s de la mierda en la que esta... mi voto es tuyo por convicci√≥n futura presidenta y por favor hay que pedir seguridad internacional no quiero que me le vayan y hacer algo... que dios la cuide siempre mi h√©roe...,1
He Matador te voy a nominar a premio Pulitzer Prizes This guy is a really good cartoon master üëç Please take note for future nominations üëç,1
ME ENCANTA √Ålvaro Uribe V√©lez,1
Los q est√°n con la ciza√±a son los de la falsa coalici√≥n de Claudia Lopez y Fajardo lo peor es que an convencido a Robledo de que esta en. El bando bueno y a petro lo quieren eliminar de todo,-1
VIVA  Juan Manuel Santos - Presidente,1
ABAJO CLAUDIA LOPEZ,-1
"El arte de la caricatura y el humor con que se comparte,son parte de esta sociedad,pese a las criticas que le hacen a usted si es uribista,o dan mermelada,si es de este lado o el otro,usted sigue manteniendo este arte lejos de las alineaciones politicas en las que se a suemrgido este pais,adelante Matador siga con el humor que nos hace reir todos los dias y sus mensajes atravez de sus caricaturas.",1
Gracias Pr√©sidente Juan Manuel Santos,1
Si su pieras matador que la fiscal de Venezuela es m√°s corrupta que el fiscal Neira,-1
"Se√±or Alvaro Uribe usted criticando que raro, no olvide que usted tiene m√°s pulgas que cualquiera, usted siempre ha sido el m√°s interesado en que este proceso no se de y nada raro seria que sea el responsable de entorpecerlo, deje en paz a este pa√≠s y no genere m√°s corrupci√≥n de la que esta untado usted y su gobierno",-1
Ustedes los Colombianos tienen el hombre que si acabar√≠a con el trafico de narc√≥ticos y ese hombre se llama Alvaro Uribe Velez.,1
"Se debe de dar gracias al todo poderoso ,por la bendici√≥n que da a trav√©s de el se√±or Alvaro Uribe velez.",1
"Jajajajajajajaj muy buena, ese es el sentido que debemos darle a los alaridos inconscientes del jefe paraco y senador Alvaro Uribe, esa es la importancia que demos darle, como lo que en verdad es, una peque√±a podr√° en el zapato, molesta pero al fin de cuentas una insignificante piedra.",-1
viva mi libertador  alvaro uribe velez,1
Y de le al matador el eterno enamorado de Uribe  Vive pendiente que dice Uribe para poder hacer la caricatura por que no sabe hacer m√°s ....,0
"La recomendaci√≥n que hace Claudia L√ìPEZ es muy importante ante todo para las v√≠ctimas puesto q aquellos q cometieron cr√≠menes de lesa humanidad no podr√≠an ser elegidos en acci√≥n popular hasta no cumplir con las sanciones pertinentes sentenciadas por la JEP, sin embargo los guerrilleros admistiados podr√≠an tener participaci√≥n pol√≠tica sin ning√∫n problema.",0
"Estamos casi  que en Venezuela , a diferencia de ellos el dictador y rata se llama Juan Manuel Santos y su corte de s√∫bditos . Malditos que quieren ver el pueblo morir de hambre mientras ellos se llenan de riquezas a costillas del pueblo trabajador . Perros que quien sabe quien los pari√≥ !!!!!!!!!!",-1
"Ese hombre si es el verdadero Super Colombiano y nuestro libertador, un hombre de guevos que no le tiembla la boca pa decirle la verdad al que sea y con fundamentos......que viva Alvaro Uribe Velez, cuanto le hace falta a este pa√≠s un hombre as√≠ para dirigirlo....ud se√±or presidente es un Varon jueputis",1
"Ser consistente implica ser coherente y ademas persistir o construir u entra√±ar algo en la  historia, construir,  entonces en algo tendr√° raz√≥n usted √Ålvaro Uribe V√©lez  y Clara con  lo de de bandido,y aunque esas descripciones suyas Doctor son CONSISTENTES  lo que si no son es  RESISTENTES casualmente en este pa√≠s ning√∫n proceso avanza ...",-1
"Mi apoyo total para ti y el derecho a la libre expresi√≥n, Un abrazo Daniel Samper Ospina",1
"Dicho por nuestros Viejos "" Han habido dos presidentes Excelentes Alvaro Uribe y Gustavo Rojas Pinilla ........El Dr Luis Carlos Gal√°n tambi√©n pintaba bien ( que pesar que lo hayan asesinado .......)",1
"Adelante mi presidente favorito √Ålvaro Uribe V√©lez, usted ha sido el mejor presidente que ha tenido Colombia y muchos lo reconocemos. Nada de las calumnias que le han inventado sus narco enemigos comunistas se le han probado, usted ha sido investigado y esta limpio, es inocente. De Jesucristo tambi√©n hablaron mal, no se preocupe, siga adelante. Sabemos que todo es una artima√±a de la guerrilla para tomarse el poder del pa√≠s y volverlo como Venezuela, por eso envenenan a la gente hablando mal de usted y de su partido Centro Democr√°tico para que la gente vote por alguno de los candidatos de las FARC, gente de izquierda que s√≥lo busca comunismo en el pa√≠s. Pues no les vamos a dar gusto, somos m√°s los colombianos pensantes y prudentes que apoyamos la democracia y le decimos no a la impunidad y al socialismo. #Sialapazperonoasi #Amoacolombia por eso apoyo al #CentroDemocratico #ColombiaNoSeRinde #HagamosAlgo #SalvemosaColombia",1
Viva Uribe! Queremos mucho a √Ålvaro Uribe. Saludos.,1
22 denuncias a Claudia L√≥pez por decirles la verdad en la cara y a voz populi y si se a rectificado porque la justicia paup√©rrima de retrocesos as√≠ lo pide viejita bruta y ladrona.,-1
filicidades a los que reeligieron e juan manuel santos el hombre que en menos de 4 a√±os regalo el pais y vendio el agua de colombia,-1
"Arriba fajardo,claudia lopez y robledo",1
Adelante se√±or presidente √Ålvaro Uribe  Colombia lo apoya mi familia  todos estamos con usted siga adelante derroteros los que  traicionan la patria.,1
"¬øAhora que Petro puntea no te conviene Matador, por qu√© nunca he visto nada en referencia a Claudia L√≥pez o Fajardo?",-1
Le tienen miedo a Claudia L√≥pez,0
"Personajes nefastos como Uribe ya se han presentado en otros paises, tal es el caso de Venezuela... violando la libertad de prensa, insultando gravemente a sus detractores, subiendo al poder a delincuentes. √âl no es la versi√≥n colombiana de Chaves es la versi√≥n colombiana de Maduro. Mucho cuidado compatriotas, el socialismo o ultra izquierda es igual a la ultra derecha. ""Ya en el poder y con mucho dinero son ex√°camente lo mismo, primero ellos, segundo ellos y tercero ellos... y nostros nos mandan a callar y aguantar hambre"". Estoy con vos Daniel Samper Ospina",-1
"Dr Alvaro Uribe V√©lez por que no se entrega a la JEP antes que la CPI lo agarre, diga la verdad acerca  de sus cr√≠menes y as√≠ contribuye con la paz de Colombia, paga pocos a√±os de c√°rcel y evita un proceso peor ante la Corte Penal Internacional",-1
"Estaba bueno hasta que nombro a Petro malintencionadamente ,, para favorecer a la amiga senadora Claudia Lopez,, de razon amigos petristas lo estan dejando de seguir",-1
Ordenaron su puta madre oye est√° malparida donde vive o es guerrillera por q habla as√≠ si no ha vivido la guerra ni ha tocado su familia.... necesitamos a ALVARO URIBE pa que les metas unas cuantas bombas a ese perros que hicieron da√±o a la patria,-1
Dios bendiga al.mejor presidente de Colombia doctor √ÅlvAro Uribe V√©lez declar√≥ un cuidado sobrenatural del cielo en el nombre de Jes√∫s,1
√Ålvaro Uribe V√©lez :v,0
"De muy mal gusto que el debate pol√≠tico se base en mentiras y difamaci√≥n es cada d√≠a quiero menos al doctor Uribe  para el tiempo y demuestra que no es digno representante de nosotros los colombianos debemos despertar y votar por gente nueva que no polarice nuestro pa√≠s y que tampoco  nos lleve al caos , gracias Dr Uribe por lo bueno que hizo lo malo que Dos se lo pague pero por favor ya dej√© en paz a mi Colombia y a sus ciudadanos que tienen sentido cr√≠tico y social c√≥mo nuestro querido periodista Daniel Samper a quien pido Dios le guarde y proteja y le de victoria en lo que emprenda.",0
Dios te bendiga √Ålvaro Uribe,1
Doctor alvaro uribe mis respeto estos son los dirigentes q se me meresen nuestro pais,1
Que tipejo tan ma√±oso.este alvaro uribe.,-1
"Claudia L√≥pez cree tener la verdad sobre las verdades, ella con bipolaridad pol√≠tica, se asume como la portadora de las soluciones mesi√°nica cosa totalmente absurda. Yo creo que debe aprender a respetar a sus diferentes. A mi su forma de llamar la atenci√≥n y de hacer pol√≠tica a costa de la imagen ajena. Eso no Va!",-1
Bendiciones al Presidente √Ålvaro Uribe V√©lez. Totalmente de acuerdo con Ud. Salve Ud la Patria.,1
Saludos Juan Manuel Santos - Presidente desde puerto tejada,0
Adelante Claudia L√≥pez mi apoyo total.,1
Vayan disfruten tragos y comidas caras hotel de lo m√°ximo tranquilos q el pueblo q ustedes roban asesinan y maltratan su ecosistema paga todo con la complicidad de su m√°ximo jefe Juan Manuel santos disfruten honorables colombianos ..... Estos perros miserable lo q se debe hacer es expulsarlos de el pa√≠s x traidores a la patria x asesinos x ladrones y x inducir la juventud colombiana al mundo de la drogadicci√≥n malditos perros sarnosos,-1
NO A LA PAZ DE JUAN MANUEL SANTOS,-1
"No imagino lo frustrante que debe ser trabajar entre tantos corruptos, que cometen cr√≠menes a diario y se ayudan entre ellos para gozar de impunidad. Claudia L√≥pez, una mujer valiente, que tiene una hoja de vida intachable nos est√° ense√±ando que ante la corrupci√≥n pol√≠tica y social no debemos callar #TotalApoyoAClaudiaLopez üá®üá¥",0
"Por Colombia, por la democracia, √Ålvaro Uribe V√©lez  üëç",0
"No veo el porqu√© criticarlo Matador si lo que hace es lo mismo que vos, DENUNCIAR una serie de actividades de dudosa procedencia. Dicho √©sto, me retiro y que teng√°s un buen d√≠a.",0
Claudia L√≥pez lo acusa de corrupto y le canta la tabla pero el espectador juega con t√≠tulos y lo pone a el como el protagonista y a los otros como atacantes. Juego de palabras,-1
"Mi divertido Daniel Samper, siempre tan divertido y acertado, ya pronto nos veremos en Yopal, no me alcanza para VIP, pero desde el gallinero te voy a ver",1
La Colombia nueva solo tiene un nombre: Claudia L√≥pez,1
Juan Manuel Santos hace honor a sus ancestros con mucho PUNDONOR y CORAJE.Presidente abierto a los retos administrativos de su gobierno.,1
"El jefe de la dos manadas criminales   FARC y ELN es la pesadilla de Colombia , Juan Manuel santos "" alias Santiago "". Los acuerdos con esos criminales es para que los matones, rateros , y violadores lacras humanas mafia criminal santos FARC Eln  esclavicen a los colombianos para que trabajen de gratis para ellos !!!! .... Porque los matones de las FARC no han entregado las armas ? Porque la guerrilla es el ej√©rcito del maricon Juan Manuel santos , con esa manada guerrillera Juan Manuel santos va a fusilar a los opositores...... La soluci√≥n al conflicto con la dictadura santos pasa por matar al dictador Juan Manuel santos alias Santiago. En Colombia hay una guerra de guerrillas que  lleva m√°s de un siglo : todo el siglo 20 y lo que va del siglo 21, con el objetivo de implantar el socialismo en Colombia y que santos est√° imponiendo a la mala. Los matones de las FARC han infiltrado a todas las instituciones de Colombia !!!! Todo lo han comprado con el dinero que la guerrilla le ha robado y le sigue e robando a los colombianos de bien !!!!!  .... El conflicto colombiano no se va a resolver por la v√≠a electoral porque Juan Manuel santos alias Santiago se va a robar las elecciones !!!!!! , es por eso de que Colombia necesita una revoluci√≥n y ganarla para que al triunfar la revoluci√≥n en todas las plazas p√∫blicas de Colombia cortar las cabezas de todos los traidores de Colombia , que no quede ning√∫n traidor vivo !!!!! Y al llegar al poder copiar casi textual las leyes de los pa√≠ses del Medio Oriente , de China , singapur , las leyes de los Estados Unidos para enfrentar a los criminales , pena de muerte para los matones , secuestradores ,violadores , rateros , funcionarios corruptos , pena de muerte para los promotores del socialismo , y ver√°n que nadie se meter√° a la guerrilla ni a ninguna banda criminal y ning√∫n colombiano se robar√° un peso ...se acabar√°n los promotores del socialismo "" esclavitud "".... Eliminar  a la mayor√≠a de los paridos pol√≠ticos para no mantener a pol√≠ticos par√°sitos, seguir el ejemplo de la democracia norteamericana , con dos partidos pol√≠ticos , ... Los Estados Unidos es la mejor democracia  de todo el mundo !!!!!",-1
Dios te bendiga Alvaro Uribe arriba!!,1
Uribe dand√≥le l√°tigo a la populista y mentirosa de Claudia L√≥pez pa que respete!,0
Juan Manuel santos jefe m√°ximo de la farc  No tiene verg√ºenza de entregar el pa√≠s a la guerrilla Prefiero ver al pa√≠s en una guerra contra la guerrilla  Que una pas de estas caracter√≠sticas  Bien lo dec√≠a wiston Churchill El que hace la paz se queda con la ofenza y con la guerra  Juan Manuel santos es usted un maldito,-1
Doctor Alvaro Uribe usted si es un hombre consistente. Cuanto te extra√±amos,1
se parece a claudia Lopez,0
Adelante Claudia L√≥pez üíö tiene mi voto y mi apoyo total,1
Con usted siempre presidente alvaro uribe,1
Tome su paz juan manuel santos.,-1
Felicidades doctor alvaro uribe velez usted es una gran persona,1
Genial matador. No se le escapa detalle. Esos calzoncillos con el signo pesos..,0
de todas maneras es de admirar la terquedad de los contradictores de alvaro uribe a pesar de versen tan perdidos y tan poquitos siguen buscando argumentos  chimbos para  joderlo y saben que cuanto mas le inventan mas seguidores lo apoyan pero no se rinden .los admiro bobitos,-1
De vainas no ha salido el sapo de Juan Manuel Santos a decir que eso se lo deben a el..,-1
"Viva Uribe! Daniel Samper corrupto igual al t√≠o, viene a d√°rselas de honrado üòé",0
"es muy cerca igual que turquia, Matador",0
ACCIONES ES LO QUE EXIGIMOS TODOS LOS COLOMBIANOS BURLADOS POR LAS FARC YA √ìRDENES DE CAPTURA A TODO EL SECRETARIADO CLAUDIA L√ìPEZ Y CIA SEA COHERENTE CON LA ANTICORRUPCI√ìN QUE PROMUEVE LAS FARC HAN INCUMPLIDO DEBEM SER JUZGADOS POR JUSTICIA ORDINARIO COMO CUALQUIER COLOMBIANO CRIMINAL,-1
LE VOY A DAR UNA RAZ√ìN SE√ëOR MATADOR POR QUE GENTE COMO USTED QUE EST√Å EN LOS MEDIOS QUE DEBE PREOCUPARSE POR PUBLICAR ESTAS  MASACRES EN EL MUNDO ENTERO. PREFIEREN VIVIR HABLANDO Y SO√ëANDO CON URIBE D√åA Y NOCHE Y SE LES OLVIDA QUE EXISTE LOS DEM√ÄS!,0
Pudo m√°s la propaganda homosexual y los gritos de claudia L√≥pez para quedarse con la candidatura presidencial que la claridad y la coherencia de vida del doctor robledo,-1
Aprenda senadora claudia lopez  a debatir  sin tanta groseria üëéüëé,-1
"Esos bandidos, criminales, saqueadores del erario de los colombianos, llamados congresistas, quedaron ardidos con la 'cantada de tabla' quede manera frenteada les peg√≥ en el debate del Congreso. Felicitaciones HONORABLE SENADORA, Claudia N. L√≥pez H, HONORABLE SENADOR, Jorge Robledo, que la Divina Providencia los proteja, los conserve y les siga dando la inteligencia y sabidur√≠a, para combatir esa recua de POLITIQUEROS indeseables.",-1
"En m√≠ casa votaremos por el candidato de √Ålvaro Uribe, a ver si Santos nos vuelve a robar",0
Te amo claudia lopez eres grande,1
Claudia lopezzzzzüíöüíöüíöüíö,1
"ASI COMO VAMOS EN NUESTRA PATRIA, MA√ëANA JUAN MANUEL Juan Manuel Santos - Presidente DA ORDEN AL SISTEMA JUDICIAL, PARA QUE NO SEAN SENTENCIADOS Y HAGAN PARTE DE LA NEGOCIACI√ìN DEL PLEBISCITO TRAMPOSO A FAVOR DEL CRIMEN URBANO! MINIMO LES DA UNA CURUL AL Senado Colombia Y OTRA A LA CAMARA DE REPRESENTANTES! POR QUE SER CRIMINAL TIENE BENEFICIOS Y GARANTIAS!",-1
"Esa Claudia Lopez es una mentirosa demagoga, habla solo con mentiras",-1
√Ålvaro Uribe V√©lez.Bendiciones,1
"Que bueno este comentario, por que todo le sale a este se√±or Daniel Samper, y hay quien lo vaya a escuchar.",0
Jajajaaj. Aplausos MATADOR. El Mejor!!!,1
"Est√© no es un acto de Juan Manuel Santos, es un honor a Colombia..",1
#nomevendoporuntamal #vargasllerafracasado Compartan compartan Twitter Facebook Claudia L√≥pez presidente #renunciefiscal,0
NOS SOBRA FIRMEZA PARA DEFENDER A √ÅLVARO URIBE V√âLEZ,1
GRACIAS A DIOS TENEMOS UN HOMBRE COMO ALVARO URIBE ...QUE SERIA DEL PUEBLO COLOMBIANO,1
"Claudia L√≥pez, santa no es. Todos ellos tienen su guardado.",-1
GRACIAS  A DIOS  PUSO A EL Juan Manuel Santos - Presidente  PARA QUE  LOS POBRES  TUVIERAN ALGO.,1
"El d√≠a que Claudia L√≥pez hable en senado de las conexiones de corrupci√≥n entre su jefe pol√≠tico Pe√±alosa y Vargas Lleras quien fue el que lo llev√≥ a la alcald√≠a de Bogota, ese d√≠a creer√© en ella.",-1
"Senor Daniel Samper usted te esperamos mente conf√≠a en la justicia de Colombia ,ser√° que van hacer algo al respecto lo dud√≥ mucho a muy a mi pesar por qu√© la justicia colombiana  sirve a los pol√≠ticos",0
"Es diferente ser un violador de ni√±os a ser un violador de los derechos de los ni√±os. Por esta raz√≥n el ex-presidente Uribe est√° en la obligaci√≥n √©tica y moral de pedir perd√≥n p√∫blicamente, es necesario que sea √©l quien p√∫blicamente proteja la vida de Daniel Samper, de sus fan√°ticos seguidores para que no lo conviertan en otro Charlie Hebdo √≥ en otro Jaime Garz√≥n.",-1
EL T√çTERE DE LAS -FARC JUAN MANUEL SANTOS,-1
Ya tenemos el ejemplo de venezuela despues no estemos llorando porque es muy tarde y una vez que estos hampones esten arriva nadie los baja gracias juan manuel santos por su .PAZ,-1
"Matador deja de joder a Uribe , mire el tema de los √±o√±os",-1
"Claudia L√≥pez , claudia lopez , es la mata del cinismo",-1
"MATADOR, ERES GENIAL",1
"No m√°s Daniel samper,,, art√≠culo 218 CP. PORNOGRAFIA INFANTILEl que fotograf√≠e, filme, grabe, produzca, divulgue, ofrezca, venda, compre, posea, porte, almacene, trasmita o exhiba, por cualquier medio, para uso personal o intercambio, representaciones reales de actividad sexual que involucre persona menor de 18 a√±os de edad, incurrir√° en prisi√≥n de 10 a 20 a√±os y multa de 150 a 1.500 salarios m√≠nimos legales mensuales vigentes. ESTO BASADO EN TUS FOTOS SOHO",-1
üëâ¬°Apoyo Total! a Jorge Robledo ¬°PRESIDENTE 2018-2022 para acabar con el carrucel de los mismos con las mismasüëà,1
Ese Daniel Samper se ahorc√≥ con su propia soga..cuando acusa a Uribe de manejar la impunidad..con eso Uribe lo empapela por que lo va a poner con sus abogados que son unos monstruos a que compruebe la tal impunidad de que habla y lo acusa en el video...el pobre sali√≥ a deberle al expresidente. Q tal esto.,-1
"Me da pena con Ud Claudia L√≥pez... pero Ud no puede hablar de las cortes o de la corte Constitucional, cuando los m√°s corruptos de Colombia, adem√°s del Congreso en su mayor√≠a,  son las mismas cortes y magistrados.. o Ud no se est√° dando cuenta de los esc√°ndalos de corrupci√≥n de los togados?.. esos acuerdos de paz de la Habana, no fueron de paz, fueron unos acuerdos de impunidad y corrupci√≥n... estoy de que acuerdo en que exista PAZ... pero lo que se hizo en Cuba, fue una mano de morcillas mal amaradas y todo a espaldas de los colombianos.. s√≥lo porque unos cuantos decidieron por nosotros... no insista y menos trate de seguir imponiendonos sus ideas y deseos.... m√°s bien critique a Gina Parody y su novia para que sean juzgadas por ladronas. De eso no dice ni mi√©rcoles.. . Y no soy guerrista y menos Uribestia...",-1
"Alvaro uribe v√©lez,EL MEJOR presidente en la historia de colombia.",1
"Creo que si la mayor√≠a de los colombianos vi√©ramos mas seguido los debates del recinto, no elegir√≠amos tanta rata! gracias Claudia L√≥pez por compartir",0
Gracias matador,0
"Una clara evidencia de los medios de comunicaci√≥n comprados por el mismo presidente  Juan Manuel Santos, manada de arrodillados.",-1
"Dios lo bendiga presidente Juan Manuel Santos, Ud ha echo por este pais lo que ningun presidente a echo, ayudar a los j√≥venes y a mejorar la imagen de nuestro pais ante el mundo. Muchas gracias",1
"Cuando el objetivo es polarizar a la gente sin importar cu√°ntas mentiras se tengan que decir, el comportamiento de Uribe y muchos pol√≠ticos del pa√≠s es reprochable y lo padecemos todos los d√≠as: insultos, tergiversaciones, incluso amenazas por redes, por ello la mayor√≠a de los  colombianos manifestamos solidaridad con Daniel Samper y hacemos el llamado a superar el odio irracional en el debate pol√≠tico nacional, para de esta forma lograr una democracia ser√≠a que contribuya al progreso del pa√≠s. #porElRespeto",-1
Total apoyo Claudia L√≥pez y Jorge Enrique Robledo Castillo.  Muy clara su intervenci√≥n.,1
"Matador, me decepcion√≥ con lo del comunicado al Dr Uribe, a partir de ahora queda bloqueado",-1
Es cierto que Alvaro Uribe Velez; es un Bandido este personaje no es Inteligente; es un Bandido Astuto; lacra alg√∫n d√≠a Dios tiene que haber justicia para todos las personas como este tipo; la justicia Divina tarda pero llega,-1
"Genial,Daniel Samper es muy gracioso y con estilo de Norberto,pela de todos los partidos y senadores de la Rep√∫blica.",1
"Se necesita m√°s youtuber de 40 con buena cr√≠tica social, √Ålvaro Uribe es un sujeto que no deber√≠a estar en la pol√≠tica Colombiana, es un sujeto c√≠nico y despreciable .",-1
Juan Manuel Santos - Presidente Pidale apollo a estados unidos  y a varias potencias del mundo y bomdardee a esos pendejos de farc y guerrillas,-1
QUIEREN CALLAR A CLAUDIA L√ìPEZ PORQUE NUNCA NADIE LOS HA SOMETIDO A DECIR LA VERDAD.,0
Fuerza Jorge Jorge Enrique Robledo Castillo y Claudia L√≥pez. Colombia los necesita!,1
Alvaro Uribe seguir√† siendo el lider con corazon grande para su pueblo y mano dura para los terroristas de todas las cala√±as.,1
"Ver c√≥mo atacaban a claudia L√≥pez por decir la verdad, habla muy bien de esta se√±ora!",1
"Claudia lopez es un gallo tapado, apoyando la corrupci√≥n de pe√±alosa. No hay que creerle nada.",-1
Porque √Ålvaro Uribe V√©lez es su padrino. Por que m√°s??,0
Trabajando y Trabajando por esta naci√≥n. El incansable Presidente Alvaro Uribe. Dios Lo siga Bendiciendo.,1
Orgullosa de usted se√±or Alvaro Uribe Velez...usted es grande...muchas bendiciones,1
Viva √Ålvaro Uribe Velez,1
"A ver profesores, me hacen una plana que diga: No debo creer en el hp de Juan Manuel Santos. No debo creer en el hp de Juan Manuel Santos.  No debo creer en el hp de Juan Manuel Santos. üòé",-1
"DR. √ÅLVARO URIBE V√âLEZ: EL L√çDER, EL TRIBUNO, EL CAUDILLO, EL GRAN COLOMBIANO, EL PAISA BERRACO, EL PATRIOTA, EL BOL√çVAR DEL SIGLO 21, EL PUEBLO MISMO, EL PRESIDENTE POR SIEMPRE DE LOS COLOMBIANOS, EL MEJOR PRESIDENTE QUE HA TENIDO COLOMBIA EN TODOS LOS TIEMPOS, DICHO INCLUSIVE POR SU MAS AC√âRRIMO CONTRADICTOR : SANTOS, EL D√çA DE SU 1RA. POSESI√ìN. QUE MAS PODEMOS DECIR.?",1
Bien Daniel Samper!!,1
Lo acompa√±√≥ doctor √Ålvaro Uribe indudablemente nuestro mejor presidente Aunque digan lo contrario sus adversarios,1
Es claudia L√≥pez no clara!!!,0
Gracias Juan Manuel Santos presidente por terminar de entregar el pa√≠s,-1
"Soy antioque√±o y Se√±or Daniel Samper debo expresarle la profunda verg√ºenza que siento con la infamia orquestada por estos l√≠deres despreciables, populistas y que no representan a los 7 millones de Antioque√±os. Mis respetos y consideraci√≥n. Lo seguir√© leyendo hasta el d√≠a de mi muerte sin fanatismos y con un esp√≠ritu abierto al humor y la cr√≠tica tan necesaria en un pa√≠s camandulero y medieval.",0
"Fuerza Daniel Samper Ospina  ojal√° este se√±or que no sabe medirse, sea aleccionado por la justicia",0
Claudia Lopez es,0
Pobre mujer ella se sue√±a con santos todos los d√≠as salud hernandez cuando hablara de los narcoparamilitares de uribe y sus amiguitos ud es una reportera a medias talcual vicky D√°vila,-1
"Lo que no saben es que eso en lugar de ser un atenuante, es un agravante. Se√±or √Ålvaro Uribe, usted como abogado deber√≠a saber eso. Usar el Estado para cometer delitos siendo miembro de las Fuerzas Militares, es m√°s grave que si el delito lo comete un civil, ya que el soldado, oficial o suboficial son servidores p√∫blicos, de quienes se espera un comportamiento ejemplar y conforme a las leyes y no que se al√≠en con otros miembros al margen de la ley, c√≥mo lo son los paramilitares.",-1
Muy grave el cartel que revela Claudia L√≥pez hoy. Vargas Lleras no puede ser presidente. Es el oligarca rolo que mont√≥ mafia con lo peorcito de todo el pa√≠s de la mano de fiscal N√©stor Humberto.,-1
Eso es que tiene miedo que Daniel Samper se lance de candidato presidencial y est√° tomando medidas anticipadas jajaja,-1
"Dr √Ålvaro Uribe, en qu√© va el tr√°mite de ley para que el giro directo lo suban al 80%, las ips lo necesitamos",0
"Matador ¬øPor que el El fiscal General de la Naci√≥n, N√©stor Humberto Mart√≠nez dice que las FARC s√≥lo entregaron ollas y traperos, pero omite las 220.724 cabezas de ganado, 2.500 millones de pesos, 450 Mil d√≥lares, 327 kilos de oro puro y 241.560 hect√°reas de tierras. ¬øSera que se las piensan robar?",-1
Lengua de culebrera tiene es la Claudia L√≥pez,-1
"Calvo, se le metieron al rancho en twitter, el loco motosierra acab√≥ de dar RT a esta imagen.. #SePrendi√≥EstaMierda Padres e hijos no es nada al lado de este novel√≥n. ¬°Calvo meta a James! JAJAJJAJ Apoyo total a Daniel Samper Ospina",0
"No contentos con que el sistema de justicia este colapsado entonces corren a colpasarlo todavia mas con acusaciones pendejas de lado y lado, por eso Uribe deberia desmovilizarse e ir a cuidar gallinas a su finca y Daniel Samper deberia hacer lo mismo para ponerse madurar un poquito a ver si se quita ese porte de payaso que tiene.",-1
